aln_col_1based	support_taxa	n_support_taxa	dom_res	dom_res_frac	dom_class	dom_class_frac	chem_gate_pass	supporters	minority_taxa
23	25	25	K	0.960	BASIC	1.000	1	Branchiostoma_floridae,Ciona_intestinalis,Clytia_hemispherica,Eisenia_fetida,Euglena_longa,Euperipatoides_rowelli,Eutreptiella_gymnastica,Hahella_chejuensis,Haliotis_asinina,Henia_illyrica,Homo_sapiens,Lamellibrachia_satsuma,Lampetra_planeri,Lingula_anatina,Lithobius_forficatus,Magallana_angulata,Mus_musculus,Myxine_glutinosa,Naegleria_gruberi,Octopus_vulgaris,Ovis_aries,Phoronis_australis,Saccoglossus_kowalevskii,Salpa_thompsoni,Willaertia_magna	
24	20	20	I	0.550	HYDRO	0.950	1	Ciona_intestinalis,Clytia_hemispherica,Eisenia_fetida,Euglena_longa,Euperipatoides_rowelli,Hahella_chejuensis,Haliotis_asinina,Homo_sapiens,Lamellibrachia_satsuma,Lampetra_planeri,Lingula_anatina,Lithobius_forficatus,Magallana_angulata,Mus_musculus,Myxine_glutinosa,Naegleria_gruberi,Ovis_aries,Saccoglossus_kowalevskii,Salpa_thompsoni,Willaertia_magna	Lamellibrachia_satsuma
26	18	18	C	0.944	SPECIAL	0.944	1	Ciona_intestinalis,Eisenia_fetida,Euglena_longa,Euperipatoides_rowelli,Eutreptiella_gymnastica,Haliotis_asinina,Homo_sapiens,Lampetra_planeri,Lingula_anatina,Lithobius_forficatus,Magallana_angulata,Mus_musculus,Myxine_glutinosa,Naegleria_gruberi,Ovis_aries,Saccoglossus_kowalevskii,Salpa_thompsoni,Willaertia_magna	Euperipatoides_rowelli
32	24	24	V	0.792	HYDRO	0.958	1	Branchiostoma_floridae,Ciona_intestinalis,Clytia_hemispherica,Eisenia_fetida,Euglena_longa,Euperipatoides_rowelli,Eutreptiella_gymnastica,Haliotis_asinina,Henia_illyrica,Homo_sapiens,Lamellibrachia_satsuma,Lampetra_planeri,Lingula_anatina,Lithobius_forficatus,Magallana_angulata,Mus_musculus,Myxine_glutinosa,Octopus_vulgaris,Ovis_aries,Phoronis_australis,Podocoryna_carnea,Saccoglossus_kowalevskii,Salpa_thompsoni,Willaertia_magna	Willaertia_magna
40	16	16	K	1.000	BASIC	1.000	1	Ciona_intestinalis,Clytia_hemispherica,Eisenia_fetida,Euperipatoides_rowelli,Eutreptiella_gymnastica,Haliotis_asinina,Homo_sapiens,Lampetra_planeri,Magallana_angulata,Mus_musculus,Octopus_vulgaris,Ovis_aries,Phoronis_australis,Podocoryna_carnea,Saccoglossus_kowalevskii,Salpa_thompsoni	
41	17	17	R	1.000	BASIC	1.000	1	Ciona_intestinalis,Clytia_hemispherica,Eisenia_fetida,Euperipatoides_rowelli,Eutreptiella_gymnastica,Haliotis_asinina,Homo_sapiens,Lampetra_planeri,Lithobius_forficatus,Magallana_angulata,Mus_musculus,Octopus_vulgaris,Ovis_aries,Phoronis_australis,Podocoryna_carnea,Saccoglossus_kowalevskii,Salpa_thompsoni	
44	17	17	Q	1.000	POLAR	1.000	1	Ciona_intestinalis,Clytia_hemispherica,Eisenia_fetida,Euperipatoides_rowelli,Eutreptiella_gymnastica,Haliotis_asinina,Homo_sapiens,Lampetra_planeri,Lithobius_forficatus,Magallana_angulata,Mus_musculus,Octopus_vulgaris,Ovis_aries,Phoronis_australis,Podocoryna_carnea,Saccoglossus_kowalevskii,Salpa_thompsoni	
47	19	19	F	0.526	AROM	1.000	1	Ciona_intestinalis,Clytia_hemispherica,Eisenia_fetida,Euglena_longa,Euperipatoides_rowelli,Haliotis_asinina,Henia_illyrica,Homo_sapiens,Lampetra_planeri,Lingula_anatina,Lithobius_forficatus,Magallana_angulata,Mus_musculus,Octopus_vulgaris,Ovis_aries,Phoronis_australis,Podocoryna_carnea,Saccoglossus_kowalevskii,Salpa_thompsoni	
49	24	24	V	0.917	HYDRO	0.958	1	Branchiostoma_floridae,Ciona_intestinalis,Clytia_hemispherica,Eisenia_fetida,Euglena_longa,Euperipatoides_rowelli,Eutreptiella_gymnastica,Haliotis_asinina,Henia_illyrica,Homo_sapiens,Lamellibrachia_satsuma,Lampetra_planeri,Lingula_anatina,Lithobius_forficatus,Magallana_angulata,Mus_musculus,Naegleria_gruberi,Octopus_vulgaris,Ovis_aries,Phoronis_australis,Podocoryna_carnea,Saccoglossus_kowalevskii,Salpa_thompsoni,Willaertia_magna	Eutreptiella_gymnastica
76	17	17	K	1.000	BASIC	1.000	1	Ciona_intestinalis,Clytia_hemispherica,Euglena_longa,Euperipatoides_rowelli,Eutreptiella_gymnastica,Hahella_chejuensis,Haliotis_asinina,Lamellibrachia_satsuma,Lingula_anatina,Lithobius_forficatus,Mus_musculus,Myxine_glutinosa,Ovis_aries,Podocoryna_carnea,Saccoglossus_kowalevskii,Salpa_thompsoni,Willaertia_magna	
78	22	22	D	1.000	ACIDIC	1.000	1	Branchiostoma_floridae,Ciona_intestinalis,Eisenia_fetida,Euglena_longa,Euperipatoides_rowelli,Eutreptiella_gymnastica,Hahella_chejuensis,Haliotis_asinina,Henia_illyrica,Homo_sapiens,Lamellibrachia_satsuma,Lampetra_planeri,Lingula_anatina,Lithobius_forficatus,Magallana_angulata,Mus_musculus,Myxine_glutinosa,Ovis_aries,Phoronis_australis,Podocoryna_carnea,Saccoglossus_kowalevskii,Salpa_thompsoni	
79	17	17	G	1.000	SPECIAL	1.000	1	Branchiostoma_floridae,Eisenia_fetida,Euglena_longa,Euperipatoides_rowelli,Eutreptiella_gymnastica,Hahella_chejuensis,Haliotis_asinina,Homo_sapiens,Lamellibrachia_satsuma,Lingula_anatina,Lithobius_forficatus,Magallana_angulata,Myxine_glutinosa,Phoronis_australis,Podocoryna_carnea,Saccoglossus_kowalevskii,Salpa_thompsoni	
96	22	22	R	1.000	BASIC	1.000	1	Ciona_intestinalis,Clytia_hemispherica,Eisenia_fetida,Euglena_longa,Euperipatoides_rowelli,Eutreptiella_gymnastica,Hahella_chejuensis,Haliotis_asinina,Henia_illyrica,Homo_sapiens,Lamellibrachia_satsuma,Lampetra_planeri,Lingula_anatina,Lithobius_forficatus,Magallana_angulata,Mus_musculus,Myxine_glutinosa,Naegleria_gruberi,Octopus_vulgaris,Ovis_aries,Podocoryna_carnea,Saccoglossus_kowalevskii	
98	21	21	D	0.952	ACIDIC	0.952	1	Branchiostoma_floridae,Ciona_intestinalis,Clytia_hemispherica,Eisenia_fetida,Euglena_longa,Eutreptiella_gymnastica,Hahella_chejuensis,Haliotis_asinina,Henia_illyrica,Homo_sapiens,Lamellibrachia_satsuma,Lampetra_planeri,Lingula_anatina,Lithobius_forficatus,Magallana_angulata,Myxine_glutinosa,Naegleria_gruberi,Ovis_aries,Phoronis_australis,Podocoryna_carnea,Willaertia_magna	Lamellibrachia_satsuma
100	21	21	K	0.857	BASIC	1.000	1	Clytia_hemispherica,Eisenia_fetida,Euglena_longa,Eutreptiella_gymnastica,Hahella_chejuensis,Haliotis_asinina,Henia_illyrica,Homo_sapiens,Lamellibrachia_satsuma,Lampetra_planeri,Lithobius_forficatus,Magallana_angulata,Mus_musculus,Naegleria_gruberi,Octopus_vulgaris,Ovis_aries,Phoronis_australis,Podocoryna_carnea,Saccoglossus_kowalevskii,Salpa_thompsoni,Willaertia_magna	
177	24	24	H	0.958	BASIC	1.000	1	Ciona_intestinalis,Clytia_hemispherica,Eisenia_fetida,Euglena_longa,Euperipatoides_rowelli,Eutreptiella_gymnastica,Hahella_chejuensis,Haliotis_asinina,Henia_illyrica,Homo_sapiens,Lamellibrachia_satsuma,Lampetra_planeri,Lithobius_forficatus,Magallana_angulata,Mus_musculus,Myxine_glutinosa,Naegleria_gruberi,Octopus_vulgaris,Ovis_aries,Phoronis_australis,Podocoryna_carnea,Saccoglossus_kowalevskii,Salpa_thompsoni,Willaertia_magna	
193	17	17	W	1.000	AROM	1.000	1	Branchiostoma_floridae,Ciona_intestinalis,Clytia_hemispherica,Eisenia_fetida,Euperipatoides_rowelli,Haliotis_asinina,Henia_illyrica,Lamellibrachia_satsuma,Lampetra_planeri,Lithobius_forficatus,Magallana_angulata,Mus_musculus,Octopus_vulgaris,Ovis_aries,Phoronis_australis,Podocoryna_carnea,Saccoglossus_kowalevskii	
246	21	21	I	0.571	HYDRO	1.000	1	Branchiostoma_floridae,Ciona_intestinalis,Clytia_hemispherica,Eisenia_fetida,Euglena_longa,Euperipatoides_rowelli,Eutreptiella_gymnastica,Haliotis_asinina,Henia_illyrica,Homo_sapiens,Lamellibrachia_satsuma,Lampetra_planeri,Lithobius_forficatus,Magallana_angulata,Mus_musculus,Naegleria_gruberi,Octopus_vulgaris,Ovis_aries,Podocoryna_carnea,Saccoglossus_kowalevskii,Salpa_thompsoni	
247	25	25	N	0.880	POLAR	1.000	1	Branchiostoma_floridae,Ciona_intestinalis,Clytia_hemispherica,Eisenia_fetida,Euglena_longa,Euperipatoides_rowelli,Eutreptiella_gymnastica,Hahella_chejuensis,Haliotis_asinina,Henia_illyrica,Homo_sapiens,Lamellibrachia_satsuma,Lampetra_planeri,Lingula_anatina,Lithobius_forficatus,Magallana_angulata,Mus_musculus,Myxine_glutinosa,Naegleria_gruberi,Octopus_vulgaris,Ovis_aries,Phoronis_australis,Podocoryna_carnea,Saccoglossus_kowalevskii,Salpa_thompsoni	
256	18	18	K	0.889	BASIC	0.944	1	Branchiostoma_floridae,Ciona_intestinalis,Clytia_hemispherica,Eisenia_fetida,Euperipatoides_rowelli,Haliotis_asinina,Homo_sapiens,Lampetra_planeri,Lingula_anatina,Lithobius_forficatus,Magallana_angulata,Mus_musculus,Octopus_vulgaris,Ovis_aries,Phoronis_australis,Podocoryna_carnea,Saccoglossus_kowalevskii,Salpa_thompsoni	Lampetra_planeri
314	19	19	E	1.000	ACIDIC	1.000	1	Branchiostoma_floridae,Ciona_intestinalis,Eisenia_fetida,Euglena_longa,Euperipatoides_rowelli,Eutreptiella_gymnastica,Hahella_chejuensis,Haliotis_asinina,Homo_sapiens,Lamellibrachia_satsuma,Lampetra_planeri,Mus_musculus,Myxine_glutinosa,Naegleria_gruberi,Ovis_aries,Podocoryna_carnea,Saccoglossus_kowalevskii,Salpa_thompsoni,Willaertia_magna	
336	25	25	K	1.000	BASIC	1.000	1	Branchiostoma_floridae,Ciona_intestinalis,Clytia_hemispherica,Eisenia_fetida,Euglena_longa,Euperipatoides_rowelli,Eutreptiella_gymnastica,Hahella_chejuensis,Haliotis_asinina,Homo_sapiens,Lamellibrachia_satsuma,Lampetra_planeri,Lingula_anatina,Lithobius_forficatus,Magallana_angulata,Mus_musculus,Myxine_glutinosa,Naegleria_gruberi,Octopus_vulgaris,Ovis_aries,Phoronis_australis,Podocoryna_carnea,Saccoglossus_kowalevskii,Salpa_thompsoni,Willaertia_magna	
338	20	20	H	0.900	BASIC	0.950	1	Ciona_intestinalis,Clytia_hemispherica,Eisenia_fetida,Euglena_longa,Euperipatoides_rowelli,Eutreptiella_gymnastica,Hahella_chejuensis,Haliotis_asinina,Homo_sapiens,Lamellibrachia_satsuma,Lampetra_planeri,Lingula_anatina,Mus_musculus,Myxine_glutinosa,Naegleria_gruberi,Ovis_aries,Podocoryna_carnea,Saccoglossus_kowalevskii,Salpa_thompsoni,Willaertia_magna	Myxine_glutinosa
340	24	24	H	0.875	BASIC	0.917	1	Branchiostoma_floridae,Ciona_intestinalis,Clytia_hemispherica,Eisenia_fetida,Euglena_longa,Euperipatoides_rowelli,Eutreptiella_gymnastica,Hahella_chejuensis,Haliotis_asinina,Henia_illyrica,Homo_sapiens,Lamellibrachia_satsuma,Lampetra_planeri,Lingula_anatina,Mus_musculus,Myxine_glutinosa,Naegleria_gruberi,Octopus_vulgaris,Ovis_aries,Phoronis_australis,Podocoryna_carnea,Saccoglossus_kowalevskii,Salpa_thompsoni,Willaertia_magna	Lamellibrachia_satsuma,Octopus_vulgaris
341	22	22	H	1.000	BASIC	1.000	1	Branchiostoma_floridae,Ciona_intestinalis,Eisenia_fetida,Euglena_longa,Euperipatoides_rowelli,Eutreptiella_gymnastica,Haliotis_asinina,Homo_sapiens,Lamellibrachia_satsuma,Lampetra_planeri,Lingula_anatina,Magallana_angulata,Mus_musculus,Myxine_glutinosa,Naegleria_gruberi,Octopus_vulgaris,Ovis_aries,Phoronis_australis,Podocoryna_carnea,Saccoglossus_kowalevskii,Salpa_thompsoni,Willaertia_magna	
348	18	18	W	1.000	AROM	1.000	1	Branchiostoma_floridae,Ciona_intestinalis,Eisenia_fetida,Euglena_longa,Euperipatoides_rowelli,Eutreptiella_gymnastica,Haliotis_asinina,Homo_sapiens,Lamellibrachia_satsuma,Lampetra_planeri,Lingula_anatina,Mus_musculus,Myxine_glutinosa,Ovis_aries,Phoronis_australis,Podocoryna_carnea,Salpa_thompsoni,Willaertia_magna	
